Â°3Â°,"This is me. 
Iâ€™m sorry but youâ€™re not my type. https://t.co/Qfic0pma1T",126130
ë£°ë£¨ë£¨ë£°ë£¨,thank you ğŸ’• https://t.co/ESmo67cUek,111737
ğŸ’œë‚´ì‚¶ì˜ì´ìœ ğŸ’œğŸ¨ğŸ¹ğŸ±ğŸ¿ğŸ¥ğŸ¯ğŸ°ğŸ’œ,thank you ğŸ’• https://t.co/ESmo67cUek,111736
monorm,thank you ğŸ’• https://t.co/ESmo67cUek,111735
cj,thank you ğŸ’• https://t.co/ESmo67cUek,111731
á¶å‚å„ä¹™å‚...,Daniel Caesar did that while causally sippin tea. Itâ€™s confirmed he is the GOAT! https://t.co/1PeBb0G4xv,103339
@mayrasons4,An Oregon high school football coach was able to disarm a student with a shotgun preventing a possible massacre byâ€¦ https://t.co/XgjmJzSBcJ,96528
Amber Jane,An Oregon high school football coach was able to disarm a student with a shotgun preventing a possible massacre byâ€¦ https://t.co/XgjmJzSBcJ,96522
Raisin Bran Scott,"Zodiac signs as my understanding of zodiac signs

Aquarium - wet

Pieces - two fish?

Air - good 

Taurus - 0% APRâ€¦ https://t.co/lj2rwGXj8i",83353
ğ‘©ğ’Šğ’•ğ’Š ğŸ‘‘,"My ancestors and my parents suffered for my generation to be free today, to work, to take the bus, to play footballâ€¦ https://t.co/dFxY9SkTYJ",81362
